occupation,average_salaries
Conservation forester,71000
Property manager,50000
Paving equipment operator,79000
Claims appraiser,49000
Tax preparer,69000
Acoustical carpenter,114000
Synoptic meteorologist,66000
Communications equipment operator,77000
Cardiology technologist,86000
Glass installer,64000
Counseling psychologist,100000
Photoengraver,62000
Sports competitor,54000
Vascular technologist,93000
Criminologist,33000
Industrial-organizational psychologist,67000
Chemical equipment operator,82000
Computer and information systems manager,82000
Education and training manager,103000
Trapper,106000
Design printing machine operator,83000
Usher,71000
Airman,72000
Oral radiologist,79000
Wait staff,106000
University faculty,14000
Oxygen therapist,67000
Cementing and gluing machine tender,101000
Dental ceramist,57000
Structural metal fabricator,102000
Fitness worker,81000
Water transportation occupation,63000
Finisher,109000
Publicity agent,102000
Personnel development specialist,84000
Food cooking machine operator,111000
Electronic publisher,65000
Packaging and filling machine tender,63000
Paper goods machine setter,75000
Training manager,23000
Electrocardiograph (EKG) technician,99000
Refractory materials repairer,100000
Dinkey operator,81000
Slot key person,74000
Greenhouse worker,82000
Cabinetmaker,71000
Heavy truck and tractor-trailer driver,80000
Remote sensing specialist,99000
Nurse administrator,91000
Recreation and parks director,68000
DJ,103000
Customer service representative,129000
Airport service agent,91000
Cutting and slicing machine tender,74000
Clerical supervisor,68000
Regional planner,80000
Cellular technician,84000
Fashion designer,80000
Management accountant,99000
Lens polisher,58000
Urban and transportation geographer,64000
Desktop publishing editor,6000
Conservation scientist,87000
Aircraft rigging assembler,68000
Federal Bureau of Investigation agent,94000
Multiple machine tool setter,117000
Brattice builder,59000
Chiropractic physician,54000
Interpreter,126000
Music director,50000
Tour escort,92000
Public works inspector,69000
Prosthetist,113000
Telephone installer,86000
Photographer,44000
Library aide,96000
Student affairs administrator,50000
Local truck driver,91000
Sales agent,95000
Physical therapist aide,87000
Graphic artist,84000
Maintenance and repair worker,91000
School superintendent,38000
Posting clerk,65000
Semiconductor processor,73000
Material scheduling,60000
Scrub,86000
Political analyst,73000
Electronic newsgathering operator,111000
Receive-and-deliver clerk,68000
Electromechanical equipment assembler,45000
Electrical and electronic equipment assembler,73000
Agricultural worker,91000
Optical goods worker,61000
Corporate investigator,110000
"Forest, conservation, and logging worker",56000
Aircraft surfaces assembler,85000
Fish cutter,93000
Public housing manager,112000
Public address system announcer,25000
Biological technician,76000
Craft artist,102000
Certified pest control applicator,52000
Heat treating equipment tender,33000
Life skill counselor,90000
Tire repairer,99000
Assignment clerk,78000
Trauma nurse,65000
Toolmaker,132000
Assembler,90000
Machine offbearer,59000
Quality auditor,71000
Lift truck operator,124000
Stock trader,93000
Payroll representative,99000
Employee placement specialist,107000
Mechanical engineering technician,98000
Occupational health and safety specialist,87000
Referee,92000
Court officer,73000
Infection control nurse,64000
Network and computer systems administrator,67000
Motion picture projectionist,105000
Cardiovascular technologist,136000
Human resources director,81000
Bookkeeper,133000
Marine equipment mechanic,84000
Power tool repairer,79000
Financial aid director,114000
Dance captain,101000
Ophthalmic laboratory technician,85000
Booth cashier,103000
Wealth manager,58000
Technical writer,54000
Automotive air-conditioning repairer,100000
Critical care nurse,92000
Product promoter,89000
Parking lot attendant,64000
Control room operator,88000
Banquet manager,82000
Employment manager,51000
Computer database administrator,78000
Mine examiner,62000
Training specialist,97000
Oxy-gas cutter,97000
Mediator,68000
Tree pruner,52000
Pediatric nurse,58000
Portrait photographer,100000
ESOL teacher,77000
Teletype operator,79000
Coil taper,80000
Digital imaging technician,89000
Bindery machine setter,89000
Shoe machine tender,85000
Hairdresser,80000
Interior designer,82000
ABE teacher,73000
Personnel consultant,69000
Woodworking machine operator,42000
Medical technologist,97000
Personal and home care aide,42000
Blockmason,80000
Oral pathologist,90000
Foot doctor,111000
Aircraft and avionics service technician,67000
FBI agent,56000
Leasing consultant,119000
Electronic equipment installer,89000
Correctional treatment specialist,68000
Broker associate,79000
Anchor,96000
Plating and coating machine setter,122000
Boiler mechanic,107000
Street vendor,98000
International economist,112000
Campaign manager,128000
Material moving occupation,67000
College faculty,86000
Medicinal chemist,92000
Analytical chemist,100000
Division secretary,88000
Midshipman,70000
Rooms manager,60000
Labor relations manager,64000
Tumor registrar,63000
Civil drafter,76000
Clock repairer,65000
Optical mechanic,117000
Children's librarian,66000
Radiographer,67000
Extruding and forming machine operator,96000
Respiratory therapy technician,81000
Process technician,95000
Gynecology nurse,65000
Combined food preparation and serving worker,57000
Airframe mechanic,75000
Construction and building inspector,83000
Community planner,134000
Crane and tower operator,89000
Older worker specialist,77000
Chief executive officer,50000
Transportation inspector,68000
Pile driver operator,99000
Grocery bagger,63000
Commodities trader,84000
Nursery worker,49000
Research psychologist,71000
Pharmacist,52000
Volcanologist,92000
Fiscal technician,66000
CAD operator,114000
Newsletter writer,124000
Piano tuner,41000
"Cutting, punching, and press machine tender",61000
Fence erector,66000
Computer operator,74000
Secretary,90000
Administrative professional,77000
Small engine mechanic,90000
Job estimator,81000
Podiatric medical assistant,61000
Policy analyst,75000
Conductor,80000
Insurance adjuster,78000
Detention officer,75000
Computer aide,80000
Lobbyist,56000
Advertising sales agent,96000
Tax assessor,54000
Locomotive engineer,87000
Financial examiner,86000
Shoe and leather repairer,87000
Promotions specialist,57000
Sales worker driver,80000
Occupational health and safety inspector,90000
Sawing machine tender,64000
Order filler,85000
Medical appliance technician,110000
Building superintendent,102000
Escort interpreter,79000
Dietetic technician,79000
"Coin, vending, and amusement machine servicer",36000
Account clerk,103000
Meatcutter,82000
Accounts receivable clerk,50000
Blood bank technologist,89000
Business management consultant,54000
Home appliance service technician,65000
Brazing worker,124000
Publicity writer,104000
Molder,91000
Health care translator,82000
Banker investigator,85000
Landscape architect,58000
Fire investigator,67000
Placement counselor,88000
Management consultant,61000
Research chef,49000
Private detective,81000
Magnetic resonance (MR) technologist,32000
Rolling machine operator,58000
Correspondent,118000
Gerontology social worker,80000
Administrative manager,102000
Extruding and drawing machine setters,98000
Web publications designer,88000
Forging machine tender,108000
Tour bus driver,144000
Short haul or local truck driver,90000
Job printer,88000
Gate agent,82000
Transcriber,128000
Counter and rental clerk,61000
Time and attendance clerk,51000
Security officer,70000
Career-technical teacher,83000
Chemical equipment tender,78000
Licensed vocational nurse,106000
Coding specialist,79000
Counter clerk,87000
Telemarketer,128000
Merchandise window trimmer,76000
Media specialist,108000
Veterinary technologist,66000
Family practitioner,79000
Mental health aide,47000
Automation and control technician,98000
Project manager,58000
Managing editor,69000
Surveillance officer,92000
Nursing aide,69000
Service unit operator,63000
Groundskeeping worker,71000
Cardiac sonographer,61000
Food service manager,128000
Travel adviser,89000
Flight engineer,74000
Compensation manager,44000
Legal investigator,67000
Administrative assistant for human resource,96000
Systems programmer,85000
Nurse specialist,66000
Admissions officer,85000
Information technology trainer,76000
Quality assurance inspector,89000
"Production, planning, and expediting clerk",95000
Spray machine operator,32000
Medical assistant,67000
Exterminator,87000
Store detective,66000
Weaving machine operator,85000
Police officer,103000
Messenger,87000
Camp director,60000
Market research manager,117000
Data input clerk,59000
Hand compositor,69000
Personal appearance worker,55000
Maxillofacial surgeon,100000
Editor,93000
Hydraulic and pneumatic technician,127000
Manpower development manager,91000
Audio control engineer,101000
Radio mechanic,63000
Contract administrator,103000
Administrative director,23000
Set and exhibit designer,40000
Economist,59000
Conciliator,51000
En route controller,68000
Skin care specialist,75000
Retail manager,77000
Creative director,48000
Casino cashier,81000
"Cutting, punching, and press machine operator",96000
Personnel services specialist,81000
Customs inspector,63000
"Extruding, forming, pressing, and compacting machine tender",93000
Rental manager,59000
Drafter,120000
Food technologist,99000
Advisor investigator,63000
Fumigator,105000
"Cleaning, washing, and metal pickling equipment operator",84000
Emergency care nurse,98000
Neuropsychologist,112000
Job analyst,74000
Milling and planing machine setter,54000
"Heating, air-conditioning, and refrigeration mechanic",53000
Registered representative,96000
Foot specialist,87000
Guide interpreter,51000
Industrial truck and tractor operator,55000
Mason,73000
Hearing officer,87000
Weigher,29000
Gaming machine servicer,72000
Log marker,6000
Allopathic physician,82000
Job analysis manager,79000
Staffing specialist,105000
Ticket clerk,55000
Geophysicist,63000
Applicator,77000
Gaming supervisor,114000
Floor installer,62000
Astronomer,71000
Quality control inspector,117000
Health physicist,72000
Floor broker,72000
Print binding and finishing worker,113000
Truck driver,71000
Political geographer,69000
Engineering and natural sciences manager,57000
Airbrush artist,119000
Employment coordinator,102000
Social and human service assistant,105000
Motion picture camera operator,86000
Recruitment manager,55000
Social psychologist,84000
Forensic nurse,74000
Coast Guard,66000
Pipelayer,86000
Payroll analyst,72000
Worker compensation coordinator,105000
Staffing coordinator,94000
Construction mechanic,76000
Taxicab dispatcher,68000
Caster,52000
Forest fire inspector,59000
Game warden,83000
Tree trimmer,97000
Water transportation pilot,46000
Real property assessor,106000
Material distribution,63000
Electrophysiologist,110000
Economic geographer,85000
U.S. Secret Service special agent,48000
Train dispatcher,86000
Airport tower controller,93000
Animal breeder,70000
Landscape contractor,75000
Medical records and health information technician,50000
Newscaster,85000
Central office operator,82000
Technical sales manager,80000
Administrative support services director,89000
Speech-language pathologist,94000
Video control engineer,94000
Chemical plant and system operator,83000
Health educator,60000
Lyricist,101000
Personnel assistant,97000
Ambulance driver,131000
U.S. Deputy Marshal,57000
Personnel recruiter,80000
Furniture finisher,78000
Loan authorizer,80000
Auxiliary equipment operator,102000
Remedial education teacher,99000
Grip,91000
Dot etcher,89000
Geodetic surveyor,91000
Documentation specialist,97000
Transit and railroad police,71000
Payroll bookkeeper,96000
Loss prevention agent,60000
Logistician,47000
Manpower development advisor,60000
Packer,80000
Auditor,87000
Independent insurance agent,92000
Timber cutting and logging worker,75000
Library technical assistant,58000
Operating engineer,85000
Child welfare social worker,129000
Respiratory therapist,91000
Fire prevention specialist,93000
Marketing coordinator,86000
Rigger,82000
Clinical laboratory scientist,56000
Encoding clerk,103000
Weather forecaster,80000
Tile installer,93000
Yoga instructor,96000
Credit manager,80000
Inhalation therapist,78000
Member services counselor,75000
Estimator project manager,105000
Judge,102000
Mine cutting and channeling machine operator,75000
News anchor,72000
Environmental protection officer,86000
Insurance manager,62000
Executive assistant,94000
Social work planner,45000
Weathercaster,83000
Oral hygienist,68000
Accounts payable clerk,101000
Cage cashier,75000
Cosmetologist,48000
Magistrate,85000
Payroll assistant,61000
Building consultant,84000
Office and administrative support worker supervisor,69000
Computer applications software engineer,73000
Physical chemist,91000
Telephone service representative,66000
Support staff clerk,69000
Geophysical prospecting surveyor,116000
Employee relations manager,86000
Continuous mining machine operator,57000
University professor,70000
Business office assistant,72000
Private household cook,71000
Environmental scientist,36000
Medical social worker,54000
Petroleum geologist,86000
Cook,71000
Control and valve installer,76000
Time recorder,73000
Farm product inspector,97000
Refuse and recyclable material collector,93000
Assignment editor,105000
Embossing machine operator,45000
University dean,72000
Abstractor,83000
Sewing machine operator,85000
Geropsychologist,72000
Postsecondary vocational-technical education teacher,83000
Power plant distributor,84000
Hotel detective,108000
Powerhouse electrician,96000
Travel agent,61000
Grief counselor,61000
Human service worker,91000
Product designer,99000
Airline pilots,66000
Forging machine setter,93000
Mail processing machine operator,34000
Ambulance dispatcher,47000
Cable line installer,104000
Public safety dispatcher,90000
Extruding and drawing machine operators,79000
"Railroad brake, signal, and switch operator",90000
Property custodian,73000
Two-stroke engine mechanic,77000
Physical metallurgical engineer,71000
Typographer,84000
Tool sharpener,104000
Safety and health practitioner,97000
Technical support specialist,122000
Employee training specialist,108000
Motorcycle mechanic,49000
Pesticide vegetation,78000
Personal trainer,54000
Stucco mason,99000
Construction engineer,87000
Bulldozer operator,107000
X-ray technician,49000
Registrar,90000
Stratigrapher,105000
Hospital attendant,78000
Coach,51000
Construction inspector,86000
HIV/AIDS nurse,88000
Gaming change person,62000
Mental health social worker,49000
Department head,91000
Bus dispatcher,77000
Log sorter,94000
Clinical psychologist,89000
Music conductor,93000
Record clerk,95000
Forest fire prevention specialist,101000
Medical translator,45000
Administrative lead,67000
Plant manager,100000
Camp counselor,95000
Employment and placement manager,90000
Babysitter,85000
Executive chef,71000
Athletic trainer,44000
Shoe machine operator,34000
Industrial maintenance worker,44000
Aeronautical drafter,84000
CPA,70000
Radio announcer,87000
Marking and identification printing machine operator,87000
Job service consultant,126000
Bindery worker,98000
Credit authorizer,85000
News writer,63000
Petroleum technician,56000
Uniformed police officer,103000
Electrotyper,104000
Human resources clerk,78000
Occupational therapist aide,81000
Nuclear technician,95000
Supply manager,28000
Aeronautical engineer,119000
Safe repairer,86000
Poultry trimmer,85000
Wholesale buyer,51000
Photographic process worker,40000
Curriculum specialist,72000
Textile knitting and weaving machine setter,44000
Customer services manager,83000
Loan collection officer,109000
Diesel service technician,88000
Correspondence clerk,91000
Civil engineer,62000
Fire fighter,51000
Appellate court judge,52000
Anesthesiologist,98000
Graduate teaching assistant,114000
Bodyguard,133000
Ultrasound technologist,81000
Gas plant operator,87000
Trial lawyer,43000
Social scientist,124000
Commentator,96000
Human resources coordinator,83000
Clerk typist,66000
Labor training manager,89000
Erector,71000
Telecommunications equipment repairer,80000
Nannie,70000
Orthotics technician,116000
Revenue officer,88000
Public health social worker,101000
Industrial hygienist,70000
Grader operator,86000
Locker room attendant,59000
Motorboat mechanic,51000
Local transit bus driver,62000
Recruiting manager,136000
Keypunch operator,101000
Respiratory care practitioner,90000
Signal and track switch repairer,73000
Taxi driver,93000
Armed Forces,60000
Enrollment specialist,55000
Compositor,87000
Position classifier,62000
Lease driver,50000
Conference interpreter,91000
Mechanic,72000
Environmental meteorologist,99000
Instructional coach,78000
Certified nurse-midwife,52000
Metalworking machine operator,75000
Farmhand,68000
Developmental psychologist,78000
System operator,103000
Employee assistance plan manager,93000
Skills training coordinator,43000
Clerical specialist,73000
Experimental psychologist,113000
Architect,79000
Data entry keyer,66000
Animal trainer,108000
Bureau of Diplomatic Security special agent,85000
Mathematical statistician,26000
Administrative worker supervisor,62000
Coatroom attendant,33000
Constructor,102000
Cadet,116000
Employee development specialist,81000
Direct care worker,88000
Publications specialist,77000
Cinematographer,81000
Hospice nurse,106000
Door-to-door sales worker,57000
Hoist and winch operator,68000
Rehabilitation counselor,52000
"Shipping, receiving, and traffic clerk",102000
Home care aide,83000
Pedicurist,69000
Technical education teacher,80000
Service station attendant,88000
Mold and model maker,78000
Digital image processor,68000
Musical instrument tuner,97000
Market research analyst,95000
Human resources associate,83000
Videographer,28000
Apartment rental agent,19000
Mail processor,48000
Author,120000
Ophthalmologist,82000
Speech pathologist,87000
Tool filer,93000
Systems administrator,86000
Childcare worker,67000
Office specialist,87000
Longshoremen,67000
Knitting machine operator,87000
Operations analyst,85000
Broker,64000
Stock broker,83000
Contract manager,94000
Computer support specialist,75000
Unlicensed assistive personnel,59000
Law clerk,75000
Gas compressor and gas pumping station operator,118000
Library assistant,62000
Human resources analyst,100000
Instructional assistant,79000
Portfolio manager,112000
Employee welfare manager,78000
Apartment house manager,85000
Prosthetics technician,107000
Manpower development specialist,113000
Copy writer,107000
In home service professional,69000
Manufactured building and mobile home installer,98000
Beauty care specialist,53000
Developmental disabilities nurse,99000
Home health nurse,72000
Pilates instructor,91000
Occupational therapist,109000
Linguistic anthropologist,97000
Archaeologist,64000
Composer,110000
EMT,83000
Multiple machine tool tender,132000
Mental health counselor,85000
Agricultural laborer,78000
Watch repairer,129000
Streetcar operator,92000
Pilot,54000
Hearing therapist,37000
Electronic home entertainment equipment repairer,83000
Buyer,83000
Urban and regional planner,60000
Admitting interviewer,63000
Management scientist,94000
Power lineman,65000
Mixing and blending machine operator,73000
Clinical laboratory technician,92000
Data entry worker,86000
Support specialist,58000
Truck dispatcher,73000
Training and development coordinator,115000
Crossing guard,81000
Aircraft electronics specialist,104000
Financial manager,76000
Computer programmer,101000
Homemaker,95000
Private investigator,72000
Window clerk,101000
Systems analyst,-3000
Hostler,118000
Community support worker,96000
Postmaster,35000
Bleaching and dyeing machine operator,78000
Property disposal specialist,97000
Meeting and convention planner,88000
Typesetting machine tender,91000
Cutting and slicing machine setter,98000
Sewage treatment plant operator,104000
"Treatment, storage, and disposal (TSD) worker",73000
Journalist,104000
Operations director,73000
Excavating operator,72000
Industrial economist,90000
Community dietitian,79000
Power plant dispatcher,80000
Process piping drafter,96000
Derrick operator,102000
Telephone operator,65000
"Wound, ostomy, and continence nurse",58000
New accounts clerk,90000
Barber,42000
Abdominal sonographer,89000
Employment counselor,78000
Certified registered nurse anesthetist,80000
Computer control operator,86000
Electric motor repairer,101000
Strength trainer,81000
Recruitment consultant,78000
Training development director,71000
Support staff specialist,86000
Disc jockey,78000
Loading machine operator,66000
LAN manager,76000
Gerontology aide,79000
Microchip processor,53000
Orthopedic nurse,51000
Terrazzo worker,102000
Playwright,61000
Web designer,59000
Science writer,80000
Library media aide,71000
Employment clerk,95000
Theoretical mathematician,77000
Athletic training instructor,55000
Control technician,70000
Power distributor,56000
Loan clerk,102000
Commercial and industrial designer,87000
Clerk,82000
Maitre d,69000
"Painting, coating, and decorating worker",66000
Conservation worker,54000
English as a second language teacher,86000
Recreational vehicle service technician,107000
Surveying technician,45000
Employee development manager,81000
Automotive painter,93000
Mining and geological engineer,105000
Airfield operations specialist,84000
Metal-refining furnace tender,74000
Senior reactor operator,65000
Community association manager,85000
Communications specialist,59000
Nursing assistant,89000
Child care worker,92000
Cementing and gluing machine operator,74000
Rigging slinger,67000
Show host,76000
"Tank car, truck, and ship loader",81000
Law librarian,112000
Announcer,73000
Traffic clerk,96000
Real estate broker,62000
Superintendent,74000
Training administrator,66000
Tamping equipment operator,97000
Correctional officer,40000
DEA agent,85000
Loan underwriter,81000
Statistical assistant,61000
Professor,86000
Computer typesetter,88000
Immigration and Naturalization Service (INS) inspector,84000
Safety inspector,61000
Operational meteorologist,103000
Shuttle car operator,73000
Ground controller,48000
Training assistant,34000
Cardiovascular technician,89000
Soldering worker,109000
Tow truck dispatcher,57000
Sales worker supervisor,82000
Geriatric nurse,107000
Diesel mechanic,68000
Behavioral disorder counselor,71000
Fabric and apparel patternmaker,92000
Chairperson of the board,86000
Illustrator,70000
Personnel analyst,69000
Veterinary technician,64000
Forester,58000
Staff development specialist,98000
Forensic accountant,86000
Scraper operator,80000
Skills trainer,64000
Historian,59000
Desk clerk,63000
Roof bolter,103000
Actuarie,51000
Media outreach specialist,90000
Real estate rental agent,90000
Patient representative,72000
Airport terminal controller,16000
Certified athletic trainer,62000
Mortician,56000
Physiologist,110000
Prosecutor,56000
Electrical power line repairer,60000
Golf course architect,129000
Ordnance handling expert,117000
Conference service coordinator,43000
Front office manager,72000
Title examiner,68000
Gas furnace installer,90000
Pesticide sprayer,54000
Tilesetter,72000
Palliative care nurse,56000
Bailiff,109000
Traffic technician,91000
Segmental paver,35000
Meeting director,81000
Rotary drill operator,42000
Administrative leader,76000
Colorist,80000
Plan examiner,86000
Office clerk,65000
Musical instrument repairer,83000
Industrial millwright,117000
Mental health assistant,68000
Marketing manager,85000
Allergist,59000
Image consultant,51000
Computer systems administrator,75000
Shipping-and-receiving supervisor,107000
Paratransit driver,76000
Medical secretary,89000
Radiation protection technician,72000
Glazier,75000
Reinforcing iron and rebar worker,119000
Sprinklerfitter,46000
General internist,78000
Crop farm manager,84000
Coache,109000
Refuge manager,72000
Family child care provider,117000
Greenskeeper,83000
Industrial property manager,51000
Examiner,78000
Building cleaning worker,102000
Embalmer,99000
Hydrologist,76000
Machine setter,115000
Kindergarten teacher,103000
Clerical assistant,74000
CT technologist,48000
Surgeon,111000
Office manager,78000
Meter reader,96000
Medical coder,70000
Charter bus driver,114000
Commissioner,68000
Technical sales support worker,90000
Copy marker,96000
Land surveyor,72000
Geographic information specialist,103000
County court judge,88000
Lithographer,80000
State police officer,74000
Transportation attendant,74000
Gas compressor operator,40000
Captive agent,54000
Placement specialist,64000
Prison guard,107000
Livestock farmer,98000
Safety specialist,100000
Film and video editor,92000
Card puncher,107000
Photographic processing machine operator,108000
Undertaker,101000
English to speakers of other languages teacher,95000
Budget manager,85000
Rolling machine tender,81000
Real estate manager,101000
Pest control worker,62000
Adjudicator,76000
Railroad engineer,73000
Sauce cook,99000
Electrical and electronics engineering technician,127000
Corporate secretary,69000
Private accountant,96000
Archivist,119000
Industrial photographer,80000
Horse breeder,101000
Government accountant,44000
Promoter,105000
Elevator constructor,47000
Fitness trainer,62000
School social worker,75000
Proofreader,77000
Press operator,63000
Medical doctor,89000
Veterinary assistants and laboratory animal caretaker,95000
Railroad signal operator,57000
"Crushing, grinding, and polishing machine setter",57000
Travel consultant,72000
Information specialist,69000
Word processor,79000
Brace maker,88000
"Furnace, kiln, oven, drier, and kettle operator",95000
"Food and tobacco roasting, baking, and drying machine operator",95000
News camera operator,71000
Sewer pipe cleaner,99000
Medical equipment repairer,52000
Industrial production manager,115000
Sculptor,75000
Immigration and Naturalization Service (INS) agent,68000
Office administrator,80000
Sports trainer,94000
Earth driller,78000
Quality control technician,86000
Paralegal,40000
Employee benefits specialist,101000
Attorney,77000
Electrical power line installer,65000
Criminal lawyer,110000
Recreation supervisor,93000
Buyers' agent,88000
Occupational health and safety technician,79000
Dental technician,65000
Outside order clerk,48000
Transfer clerk,80000
Rail transportation occupation,73000
Television camera operator,88000
Journeymen lineman,69000
Blaster,85000
Personnel director,107000
Floor layer,52000
Service technician,56000
Microbiology technologist,107000
Chiropractor,78000
Library technician,94000
Business support assistant,99000
Refractory mason,57000
High school teacher,101000
Ophthalmic nurse,96000
"Extruding, forming, pressing, and compacting machine operator",93000
Dog trainer,98000
Cytotechnologist,105000
Applied mathematician,61000
Management development specialist,49000
Carpenter,84000
Vocational education teacher,61000
Music instructor,66000
Office support secretary,30000
ASE teacher,85000
Construction and maintenance painter,70000
Labor relations director,71000
Kennel attendant,63000
Broadcast captioner,108000
Optometrist,88000
Information architect,91000
Housing manager,81000
Essayist,72000
Motorboat operator,84000
Assistant cook,74000
Mechanical drafter,67000
Mail clerk,60000
Metal-refining furnace operator,66000
Top executive,106000
Food science technician,93000
Gas pumping station operator,91000
Bindery machine operator,48000
Realtor,67000
Edition binding worker,121000
Painting and coating worker,76000
Biometrician,122000
Student services director,51000
Rural mail carrier,83000
Web writer,85000
Localization translator,94000
Gastroenterology nurse,84000
Adult basic education teacher,55000
Computer security specialist,67000
Payroll technician,65000
Deckhand,100000
Public health dentist,98000
Surgical nurse,57000
Information designer,74000
Massage therapist,79000
Dean,54000
Scientific illustrator,70000
Animator,65000
Administrative services director,103000
Staff assistant,50000
Electronic home entertainment equipment installer,101000
Corporate trainer,71000
Reporter,78000
Companion,39000
Convention services manager,85000
Psychiatric nurse,86000
Financial analyst,81000
Commission clerk,104000
Market and survey researcher,86000
Internet developer,106000
Gas appliance repairer,62000
Legal nurse consultant,52000
Vocational nurse,62000
Mixing and blending machine tender,74000
Timekeeper,81000
Patternmaker,121000
Voice writer,80000
Substance abuse and behavioral disorder counselor,100000
Executive secretary,56000
Production assistant,74000
Engraver,70000
Prepress worker,97000
Ship engineer,44000
Surgical technologist,96000
Licensed practical nurse,112000
Farmer,90000
Nurse practitioner,57000
Motel desk clerk,75000
Gaming surveillance officer,55000
Gaming machine repairer,52000
Compensation and benefits technician,74000
Field sales supervisor,100000
Line installer,88000
Plant scientist,63000
Merchandise displayer,97000
Gynecologic sonographer,49000
Foreign language interpreter,74000
Automated systems librarian,70000
Industrial relations manager,27000
Aerospace engineer,91000
Elementary school teacher,103000
Clinical manager,104000
Travel clerk,65000
Cashier,53000
Retail salesperson,58000
Drilling and boring machine tool setter,73000
Bill and account collector,57000
Rehabilitation nurse,51000
Graphic designer,91000
Air Force,62000
Payroll clerk,106000
Clinical laboratory technologist,45000
Actor,87000
Benefits manager,93000
Environmental engineer,90000
Claims representative,109000
Financial consultant,83000
Plant custodian,93000
Aircraft flight engineer,83000
Funeral attendant,48000
Personnel clerk,85000
Museum technician,89000
Office and administrative support worker manager,99000
Private banker,88000
Scaler,61000
Hanger,98000
Automotive body repairer,96000
Employment specialist,100000
Cryptanalyst,90000
Machinist,79000
Paperhanger,67000
Rodbuster,87000
Nurse aide,112000
Data entry clerk,61000
Chemical technician,84000
Dressing room attendant,77000
Human resources trainer,73000
Ambulatory care nurse,89000
Plasma cutter,41000
General clerk,62000
Cardiac and vascular nurse,100000
Heat treating equipment setter,88000
Securities analyst,92000
Ambulance attendant,100000
Job binding worker,91000
Diesel service mechanic,99000
Writer,94000
Sawing machine operator,83000
Line cook,91000
Chief information officer,80000
Cardiographer,72000
Groomer,77000
Hardware engineer,74000
Agricultural product sorter,106000
Physical therapist,51000
Aerobics instructor,86000
Studio camera operator,93000
Plumber,53000
Administrative support manager,88000
Clinical nurse specialist,42000
Long haul truck driver,29000
Claims investigator,90000
Employment interviewer,78000
Public relations representative,123000
Leasing manager,77000
Machine tender,75000
Environmental hydrologist,91000
Aquaculture farmer,91000
Utility meter reader,99000
Furnace installer,53000
Cutting and slicing machine operator,75000
Merchant marine officer,61000
Engineering manager,119000
Claims examiner,59000
Health services manager,95000
Keypunch technician,60000
Oral and maxillofacial surgeon,84000
Management information systems director,76000
Biological-physical anthropologist,125000
Publicist,78000
Electrical inspector,69000
Structural engineer,32000
Industrial machinery mechanic,78000
Concrete finisher,84000
Civil engineering technician,82000
Woodworking machine tender,119000
Smoke jumper,82000
Gaming manager,98000
U.S. marshal,77000
Model maker,53000
Executive administrative assistant,77000
Refrigeration mechanic,87000
Financial planner,116000
Management dietitian,98000
Activity specialist,87000
Aircraft structure assembler,58000
President,61000
Dental medicine doctor,50000
Employment assistant,74000
Lay-out worker,111000
Metallurgical engineer,72000
Distribution clerk,76000
Social and community service manager,45000
Captain,94000
Transplant nurse,84000
Power plant mechanic,85000
Cost engineer,72000
Fork lift driver,80000
Automotive mechanic,76000
Food scientist,92000
Log mover,84000
Printing machine operator,67000
Tumbling barrel painter,71000
Tool and die maker,83000
Personnel technician,72000
Photogrammetrist,74000
Elevator installer,68000
Staff manager,120000
Employment service specialist,68000
Education and development manager,97000
Construction electrician,79000
Biomedical engineer,62000
Mail carrier,59000
Psychiatric technician,67000
Eligibility interviewer,60000
Industrial accountant,69000
Social worker,94000
Umpire,106000
Sales clerk,54000
Fine artist,80000
Automated teller machine technician,73000
Recreational therapist,95000
Custodial worker,56000
Silversmith,83000
Passenger service agent,69000
Mail machine operator,90000
Preschool teacher,47000
Digital electronic prepress worker,123000
Instructional coordinator,99000
Purchase-and-sales clerk,74000
Elevator inspector,87000
Human resources manager,90000
Ergonomist,88000
Biochemist,127000
Highway patrol officer,115000
Psychiatric nursing assistant,77000
Laborer,87000
Engraver set-up operator,76000
Nurse informaticist,128000
Paleomagnetist,83000
Fishing vessel operator,94000
Poultry scientist,91000
Passenger booking clerk,61000
Hand typesetter,111000
Loan service clerk,66000
Administrative supervisor,77000
Diabetes management nurse,114000
Entomologist,76000
Animal control officer,94000
Pretrial services officer,113000
Ship officer,91000
Network systems and data communications analyst,84000
Diagnostic medical sonographer,77000
Head hunter,63000
Dining room and cafeteria attendant,68000
Woodworker,59000
911 operator,89000
Maintenance machinist,72000
Highway maintenance worker,53000
Forest and conservation technician,69000
Health information manager,71000
Education planner,58000
Sewer,68000
Automotive glass installer,76000
Mixing and blending machine setter,85000
College instructor,69000
Athlete,75000
Neonatal nurse,94000
Brokerage sales assistant,96000
Manicurist,94000
Funeral director,71000
Deck officer,75000
Marketing specialist,78000
Industrial designer,79000
Tractor driver,95000
Soil conservationist,59000
Gaming dealer,60000
Administrative clerk,90000
Delivery services truck driver,92000
Control room assistant,103000
Fiscal and policy analyst,63000
Purchasing director,52000
Employee benefits manager,94000
Office machine operator,103000
Payroll specialist,70000
Administrative support specialist,90000
Sociocultural anthropologist,76000
Ornamental ironworker,105000
Transportation equipment painter,65000
Real estate assessor,124000
Host,99000
Field technician,60000
Monetary economist,61000
Counselor,90000
Workforce development officer,66000
Network architect,73000
Producer,50000
Public health dietitian,65000
Land agent,112000
Sketch artist,69000
Electrician,67000
Boatswain,79000
Insurance sales agent,96000
Inside wire installer,81000
Promotions manager,75000
Survey researcher,119000
Apartment leasing agent,84000
Time checker,62000
Hand sewer,84000
Water and wastewater treatment plant and system operator,65000
Bindery machine tender,45000
Meeting manager,69000
Rental clerk,77000
Electronic drafter,103000
Telephone line installer,89000
Hazardous materials removal worker,116000
Photographic spotter,33000
Mail sorter,58000
Surgical technician,65000
Information processing worker,117000
Shampooer,73000
Bartender helper,82000
Facility manager,71000
Boat operator,66000
Vice president,54000
Construction equipment technician,104000
Color printer operator,78000
Excavating and loading machine and dragline operator,73000
Auditing clerk,76000
Human resources consultant,62000
Executive editor,88000
Electronics repairer,77000
Addictions nurse,89000
Court reporter,75000
Executive,82000
Bonus clerk,106000
Safety technician,82000
Manufacturers,99000
Maid,74000
National account executive,119000
Judiciary translator,48000
Chief technology officer,95000
Nuclear medicine technologist,91000
Training director,137000
Internal auditor,87000
"Transportation, storage, and distribution manager",107000
Arbitrator,81000
News analyst,69000
Credit analyst,64000
Financial clerk,73000
Occupational social worker,64000
Teacher assistant,85000
Electronics technician,108000
Bibliographer,109000
"Textile, apparel, and furnishings occupation",50000
Lawyer,92000
Macroeconomist,98000
Business office manager,78000
Pharmacy aide,116000
School teacher,87000
Credentials specialist,65000
Chief operating officer,84000
Roofer,75000
Heavy vehicle and mobile equipment mechanic,94000
Ceramic engineer,25000
Admissions director,65000
"Coin, vending, and amusement machine servicer repairer",69000
Computer scientist,93000
Material dispatching,71000
Lease operator,89000
Personal chef,104000
Licensed clinical social worker,86000
Shaper,89000
Office administrative assistant,67000
Multiple machine tool operator,64000
Sous chef,74000
Urology nurse,77000
Podiatric surgeon,84000
Account executive,99000
Child protective services social worker,105000
Telephone repairer,51000
Horticultural specialty farmer,103000
Decommissioning and decontamination (D&D) worker,111000
International human resources manager,95000
Teaching assistant,72000
Endodontist,89000
Agricultural and food scientist,135000
Reservation agent,65000
Staffing and assignments coordinator,69000
Apparel worker,61000
Job placement officer,99000
Accounting clerk,80000
Time clerk,125000
Brokerage clerk,81000
Medical geographer,86000
Medical records technician,51000
Wildlife biologist,110000
Press agent,84000
Electronic masking system operator,88000
Model,74000
Asbestos abatement worker,80000
Professional property manager,63000
Registered nurse,82000
"Crushing, grinding, and polishing machine operator",73000
Corporate recruiter,84000
Explosives worker,54000
Real estate sales agent,45000
Cartographer,47000
Gaming and sports runner,41000
Criminal investigator,83000
Driver-sales worker,67000
Aircraft cargo handling supervisor,92000
Psychologist,78000
Extruding and forming machine setter,145000
Floor sander,58000
"Carpet, floor, and tile finisher",81000
Organic chemist,65000
Claims adjuster,55000
Baggage porter,70000
Telecommunications line installer,84000
Fitness director,69000
Industrial engineering technician,87000
Executive housekeeper,92000
"Extruding, forming, pressing, and compacting machine setter",112000
Marine electronics technician,92000
Clergy,63000
Electrical line worker,84000
First responder,87000
Immunohematology technologist,61000
Marble setter,66000
Maxillofacial radiologist,34000
Jailer,89000
Community outreach worker,90000
Crop scientist,94000
Sociologist,47000
Ratings analyst,60000
Midwife,96000
Administrative office assistant,100000
Junior high school teacher,73000
Composing machine operator,70000
Affirmative action coordinator,71000
Personal care aide,70000
Education administrator,88000
ATF agent,76000
Textile knitting and weaving machine tender,73000
Electric line worker,64000
Elevator mechanic,95000
Parts salesperson,76000
Ballet master,125000
Periodontist,81000
Radiologic technician,85000
Customs agent,68000
Firefighter,71000
Medical laboratory technician,71000
Technician,100000
Oceanographer,86000
Technical trainer,60000
Physical meteorologist,65000
Geological technician,93000
Fisher,50000
Technical communications specialist,92000
Bus driver,74000
Audio-visual collections specialist,80000
Agent-contract clerk,97000
Athletic director,52000
Transportation ticket agent,83000
Physical therapist assistant,90000
Respiratory nurse,79000
"Crushing, grinding, and polishing machine tender",69000
File clerk,66000
Emergency physician,102000
Hotel desk clerk,94000
Probation officer,107000
Merchandise manager,84000
Heating equipment technician,75000
Marriage and family therapist,33000
Structural and reinforcing iron and metal worker,72000
Platemaker,90000
Chemist,69000
Adult literacy teacher,70000
Concierge,101000
Commercial pilot,105000
"Furnace, kiln, oven, drier, and kettle tender",78000
Human resources administrative assistant,67000
Brake repairer,81000
"Freight, stock, and material mover",82000
Forming machine operator,108000
Administrator,78000
Corporate accountant,72000
"Securities, commodities, and financial services sales agent",63000
Loan counselor,56000
Postal Service worker,82000
Human resources recruiter,79000
Attendance clerk,39000
HVAC technician,95000
Rough carpenter,90000
Holistic nurse,87000
Industrial engineer,85000
Gerontologist,102000
News photographer,95000
Telecommunications specialist,113000
Counter attendant,120000
Bookkeeping clerk,69000
Otorhinolaryngology nurse,76000
Plasterer,70000
Diesel engine specialist,102000
Military occupation,62000
Transportation engineer,75000
Chef,80000
Meat cutter,82000
College counselor,90000
Receptionist,108000
Numerical tool and process control programmer,66000
Residential advisor,102000
Talking-books clerk,98000
Placement officer,62000
Payroll administrator,96000
Tractor-trailer driver,109000
Front desk clerk,86000
Medical and health services manager,65000
Administrative officer,61000
Grounds maintenance worker,63000
Teller supervisor,80000
Switchboard operator,96000
Procurement technician,97000
Chauffeur,84000
Geotechnical engineer,81000
Faller,110000
Dental assistant,100000
Library media specialist,95000
Circulation assistant,46000
Electronic prepress technician,69000
Bartender,98000
Commercial lender,94000
Decontamination technician,80000
Fire dispatcher,95000
Inorganic chemist,89000
Bookmobile driver,73000
"Textile winding, twisting, and drawing out machine operator",73000
Echocardiographer,107000
Construction equipment operator,96000
PBX operator,89000
Food and beverage serving and related worker,99000
Farm equipment mechanic,107000
Custodian,82000
Agricultural manager,116000
Labor trainer,117000
Petroleum engineer,72000
Guitar repairer,80000
Letterpress operator,66000
Braille clerk,82000
Web developer,63000
Computer control programmer,117000
Range conservationist,118000
Physician,100000
Teacher aide,95000
Vending machine repairer,95000
Simultaneous interpreter,80000
Dyeing machine operator,60000
Ironworker,97000
Personal financial advisor,36000
Plating and coating machine operator,101000
Team assembler,78000
Instrumentation technician,100000
Cab driver,122000
Paymaster,69000
Diesel train engineer,66000
Dairy scientist,104000
Building inspector,55000
Taper,45000
Independent adjuster,71000
Inside order clerk,39000
Petroleum pump system operator,123000
Railroad brake operator,91000
Credit counselor,85000
Microbiologist,49000
Information and record clerk,74000
Information architect librarian,89000
Light truck driver,87000
Vascular sonographer,57000
Insurance claims and policy processing clerk,86000
Coil finisher,67000
Small engine service technician,73000
Repairer,108000
Dressmaker,62000
Cardiologist,90000
Soil scientist,129000
Teller,104000
Recording engineer,74000
Cafeteria cook,74000
Courtesy van driver,83000
Detective,88000
Landscaping worker,63000
Grinding and polishing worker,92000
Welding worker,77000
Staffing manager,56000
Textile machine operator,61000
Power transformer repairer,61000
Project control specialist,101000
Facilities coordinator,83000
General trial court judge,95000
Electromechanical engineering technician,84000
Labor contractor,94000
Dentist,34000
Optical instrument assembler,86000
Textile knitting and weaving machine operator,78000
Computer software engineer,86000
Range ecologist,109000
Revenue agent,86000
LAN administrator,53000
Railroad conductor,40000
Artist,87000
Allopathic surgeon,57000
Gynecologist,106000
Motor coach driver,113000
Lens grinder,59000
Instructional designer,50000
Podiatrist,119000
Convention manager,65000
General and operations manager,82000
Commercial loan officer,50000
Media director,91000
Railcar repairer,65000
Lather,65000
Forging machine operator,69000
Bucker,64000
Camera operator,90000
Health inspector,84000
Agronomist,67000
Pumping station operator,67000
Drug Enforcement Administration (DEA) agent,93000
State trooper,99000
Fire inspector,60000
Podiatric doctor,72000
Sports official,55000
Translator,88000
Title searcher,83000
Network administrator,81000
Landlord,105000
Plant operator,91000
Groundskeeper,81000
Agricultural engineer,74000
Wastewater treatment plant and system operator,66000
Typesetting machine operator,109000
Loan interviewer,59000
Mobile heavy equipment mechanic,101000
Speech writer,81000
Packaging and filling machine operator,87000
School bus driver,65000
Postsecondary career-technical teacher,91000
Welder,64000
Machine operator,108000
Statistician,104000
Aerospace engineering and operations technician,122000
Enlisted personnel,84000
Radiologic nurse,95000
Publication assistant,76000
Institution and cafeteria cook,91000
Lathe and turning machine tool setter,60000
Machinery maintenance mechanic,36000
Vending machine servicer,89000
Occupational therapist assistant,71000
Tax accountant,67000
Photojournalist,77000
Process pipeline drafter,71000
Terminal controller,116000
Lease buyer,57000
Semiconductor assembler,110000
Desktop publisher,76000
Dental hygienist,100000
Pediatric dentist,106000
Electronics engineer,109000
Credit reporter,95000
Gaming and sports book writer,100000
Accountant,83000
Stock-control clerk,70000
Hand packager,69000
Tire changer,55000
Bricklayer,78000
Flight service specialist,63000
Emergency and disaster response worker,64000
Construction manager,60000
Social work assistant,56000
Septic tank servicer,85000
Milling and planing machine tender,97000
Nutritionist,97000
Immigration inspector,110000
Plating and coating machine tender,87000
Order clerk,81000
Security guard,42000
Real property appraiser,104000
Public accountant,104000
Mortgage loan officer,110000
Reservation and transportation ticket agent,77000
Cost accountant,92000
Route driver,65000
Medical record coder,97000
Broadcast field supervisor,79000
Rail-track laying and maintenance equipment operator,75000
Nursery and greenhouse manager,97000
Grill cook,53000
Case management aide,98000
Local account executive,121000
Plate finisher,87000
Librarian,45000
Checker,85000
Tree planter,104000
EEO representative,123000
Chief financial officer,76000
University instructor,75000
Ticket seller,39000
Log debarker,98000
Press relations specialist,53000
Computer-controlled machine tool operator,43000
Legislator,76000
Footwear and accessory designer,95000
Public relations coordinator,78000
Dry-cleaning worker,69000
Fish and game warden,96000
Broadcast and sound engineering technician,78000
Keeper,93000
Telecommunications service technician,99000
Office helper,98000
Collision repair and refinish technician,97000
Office support team leader,99000
Coder,83000
ESL teacher,65000
Packager,91000
Environmental technician,73000
Personal secretary,65000
Transmitter operator,77000
Aircraft electronic systems specialist,73000
Limnologist,98000
Shipping clerk,94000
Publicity expert,68000
Cutting machine operator,73000
Merchandise distributor,53000
Cost estimator,103000
Water treatment plant and system operator,65000
Cost consultant,76000
Job placement specialist,68000
Biostatistician,70000
Caulker,110000
Technologist,84000
Workforce development specialist,126000
Payroll and benefits specialist,38000
Identification clerk,99000
Fine arts instructor,62000
Mechanical engineer,25000
Prepress technician,95000
Real estate asset manager,74000
Residence leasing agent,88000
Financial investigator,60000
Community supervision officer,109000
Station agent,87000
Administrative specialist,70000
Hairstylist,104000
Handymen,94000
Video camera operator,79000
Government auditor,52000
Media planner,42000
Expediting clerk,74000
Infusion nurse,66000
Wildlife officer,68000
Food processing occupation,92000
Precision printing worker,78000
Parking enforcement worker,71000
Chemical engineering technician,26000
Insulation worker,46000
Neuroscience nurse,93000
Cargo and freight agent,118000
Relay technician,72000
Home health aide,87000
Extractive metallurgical engineer,90000
Painter,51000
Nurse educator,42000
Aircraft electrician,97000
Real estate closer,74000
Food preparation worker,122000
Catering manager,79000
Rolling machine setter,79000
Deputy marshal,101000
Management analyst,75000
Metal caster,73000
Singer,68000
Directory assistance operator,94000
High school counselor,92000
CART provider,80000
Paraprofessional,99000
Human resources generalist,83000
Casino cage worker,66000
Account collector,68000
Electronic reporter,90000
Security and fire alarm systems installer,74000
Condominium association manager,77000
Benefits clerk,95000
Aircraft and avionics equipment mechanic,117000
Multimedia artist,59000
Marketing research analyst,69000
Locksmith,107000
Travel guide,61000
Personal attendant,79000
Head cook,75000
Songwriter,73000
Astronautical engineer,88000
Costume attendant,106000
"Molding, coremaking, and casting machine tender",80000
Paleontologist,59000
Able seaman,76000
Termite control technician,51000
"Heating, air-conditioning, and refrigeration engineer",96000
Finance manager,56000
Fish cleaner,80000
Health engineer,93000
Financial economist,53000
Cable splicer,69000
Underwriter,77000
PBX installer,81000
Real estate appraiser,78000
Airline flight engineer,70000
Airline copilots,97000
Re-recording mixer,90000
Water transportation mate,82000
Video editor,77000
Margin clerk,83000
Meteorologist,68000
Executive office administrator,66000
Esthetician,94000
Technical recruiter,88000
Textile presser,91000
Fund manager,73000
Image designer,107000
Director,45000
Janitor,78000
Substance abuse social worker,53000
Dairy farmer,84000
Paste-up worker,55000
Vegetable cook,76000
Histology technician,78000
Ticket agent,105000
Library media assistant,68000
Materials engineer,103000
Television announcer,52000
Natural sciences manager,83000
Gaming services,101000
Copy editor,91000
Insurance investigator,91000
Benefits administrator,51000
Enrobing machine operator,45000
Immunology technologist,77000
Animal care and service worker,114000
Dividend clerk,78000
Yardmaster,95000
Jewelry appraiser,99000
Econometrician,81000
Heat treating equipment operator,126000
Film processing technician,95000
Real estate agent,75000
Front desk receptionist,104000
Facilitator,62000
Radio and telecommunications equipment repairer,59000
Press secretary,63000
Upholsterer,69000
Rigging chaser,93000
Farm and home management advisor,70000
Audiologist,59000
School and college counselor,87000
Home entertainment service technician,96000
Leather worker,41000
A & P mechanic,48000
Political scientist,115000
Sailor,101000
Anthropologist,64000
Defense attorney,72000
Orthodontist,63000
Academic dean,86000
Air-conditioning mechanic,71000
Psychiatric aide,84000
Foreign language translator,82000
Greeter,54000
Order processor,110000
Trash collector,89000
Labor economist,105000
Arborist,50000
Hunter,69000
Assistant property manager,69000
"Compensation, benefits, and job analysis specialist",81000
Front-end mechanic,97000
Clinical social worker,75000
Radar controller,79000
Bellhop,69000
Typist,43000
Museum director,81000
Educational counselor,80000
Benefits director,80000
Line erector,81000
Obstetric sonographer,57000
Cardiographic technician,90000
Fabric mender,115000
Die maker,65000
Telecommunications equipment installer,85000
Landscape designer,101000
Gaming cage worker,121000
Lifeguard,92000
Encoder,80000
Floor finisher,115000
Help-desk technician,92000
Cleaning supervisor,93000
Event planner,70000
"Cleaning, washing, and metal pickling equipment tender",86000
Insurance underwriter,80000
EKG technician,63000
Costume designer,100000
Surveyor,60000
Merchant marine sailor,89000
Housekeeper,67000
Dermatologist,46000
Computer systems analyst,81000
Cement mason,74000
Tower controller,70000
Organizational development manager,79000
Public relations manager,56000
Purchasing clerk,85000
Engineer,75000
Design consultant,68000
Assistant editor,58000
Courier,73000
Chief engineer,63000
Religious activities and education director,82000
Professional scout,97000
Architectural drafter,69000
Organizational development consultant,119000
Tile finisher,98000
Dietitian,102000
U.S. Secret Service agent,103000
Park naturalist,70000
Geoscientist,93000
Municipal court judge,33000
Sportscaster,96000
Store manager,66000
Lodging manager,90000
Mapping technician,78000
Stevedore,59000
Mortgage banker,42000
Brickmason,77000
Avionics technician,60000
Appraiser,63000
Optometry doctor,66000
Dental surgeon,76000
News correspondent,102000
Administrative law judge,81000
Art director,66000
Stock clerk,61000
Stonemason,62000
"Court, municipal, and license clerk",92000
Parole officer,87000
Liquid waste treatment plant and system operator,43000
Obstetrician,100000
Recreation worker,66000
Rock splitter,78000
Concrete paving machine operator,113000
Billing machine operator,66000
Clothing designer,87000
Nephrology nurse,54000
Biological scientist,41000
Materials scientist,64000
Data processor,52000
Cash manager,76000
News reporter,88000
Information clerk,71000
Amusement machine repairer,91000
Intercity bus driver,58000
Physical oceanographer,92000
Police dispatcher,60000
Animal scientist,64000
Snowmobile mechanic,75000
Foundry mold and coremaker,52000
Automotive body and related repairer,84000
Administrative technician,74000
Self enrichment teacher,85000
Drywall installer,79000
Chemical engineer,79000
Dispensing optician,70000
Stenocaptioner,91000
Pulmonary function technologist,79000
Employment recruiter,77000
Piano repairer,52000
Welding machine tender,66000
Mineralogist,87000
Aircraft pilot,71000
Macromolecular chemist,85000
Information systems manager,114000
Passenger rate clerk,41000
Music arranger,92000
U.S. Border Patrol agent,93000
Florist,74000
Lathe and turning machine tool operator,85000
Recruiter,79000
EEO officer,102000
Funeral manager,56000
Shoe and leather worker,124000
Paramedic,80000
Garbage collector,122000
Transmission engineer,103000
Resort desk clerk,109000
Power reactor operator,81000
Geriatric aide,121000
Software engineer,106000
Microeconomist,51000
Purchasing manager,67000
Applications programmer,104000
Tax collector,56000
Ophthalmologic sonographer,96000
Load dispatcher,80000
Sound engineering technician,84000
Bank teller,77000
Health psychologist,57000
Unclaimed property officer,71000
Internist,90000
Housekeeping cleaner,95000
Budget officer,78000
Musician,89000
Computer technology trainer,62000
Steadicam operator,91000
Hydrographic surveyor,66000
Climatologist,94000
Roustabout,95000
Data coder operator,50000
Language pathologist,49000
Floral designer,54000
Radiologic technologist,66000
Coil winder,49000
Civil service clerk,66000
Career counselor,72000
Production cost estimator,44000
Maintenance technician,87000
Milling and planing machine operator,62000
Sales manager,94000
Electronic technician,90000
Life Guard,100000
Production machinist,100000
Human services manager,80000
Army,95000
Creative writer,78000
Boiler operator,50000
Pesticide handler,97000
Registered nurse anesthetist,72000
Bicycle repairer,91000
Nail care technician,64000
Nurse,38000
"Cutting, punching, and press machine setter",71000
Meat packer,92000
Electronic transcriber,86000
Systems software engineer,49000
Mathematical technician,87000
Reservation and transportation travel clerk,94000
Job training specialist,53000
Orthotist,91000
Billing and posting clerk,66000
Botanist,81000
Measurer,51000
Real-time captioner,80000
Regional geographer,105000
General maintenance and repair worker,72000
Zoologist,99000
Pathologist,73000
Instructional specialist,90000
Subway operator,47000
Power plant operator,61000
Secret Service agent,79000
Cleaner,114000
GED teacher,59000
Gaming investigator,87000
Navy,64000
Record center clerk,83000
Mechanical inspector,87000
Genetics nurse,80000
Practical nurses,82000
Metal pourer,97000
Screen printing machine operator,54000
Travel counselor,94000
Osteopathic doctor,109000
Machine feeder,99000
Justice of the peace,94000
Plumbing inspector,72000
Medical transcriptionist,55000
Social work policy maker,50000
Blogger,80000
Automotive service technician,55000
Tour guide,98000
Treatment plant and system operator,96000
Patient educator,99000
Public defender,92000
DTP operator,86000
Cooperative manager,65000
Certified public accountant,47000
Harbor pilot,90000
Certified nursing assistant,88000
Material recording,66000
Sheriff,84000
Precious stone and metal worker,57000
Emergency medical technician,93000
Pediatrician,89000
Conference planner,100000
Professional sports scout,72000
Welding machine operator,66000
Business administrator,93000
Personnel officer,100000
Medical interpreter,42000
Environmental chemist,48000
Data typist,127000
Purchasing technician,96000
Radiologist,87000
Laboratory animal technician,72000
Employment consultant,104000
Physician assistant,52000
Construction job cost estimator,83000
Paper coating machine operator,62000
Occupational health nurse,79000
Procurement clerk,47000
Delivery service truck driver,87000
Exercise instructor,76000
Outdoor power equipment mechanic,68000
Retail buyer,54000
Construction millwright,53000
Personnel associate,94000
Electrical and electronics repairer,52000
Precision instrument and equipment repairer,77000
General superintendent,65000
Water conservationist,101000
Office assistant,83000
Nutrition director,81000
Budget analyst,66000
Baker,100000
Credit investigator,78000
Ecologist,81000
Biophysicist,88000
Administrative office manager,79000
Food batchmaker,63000
Personnel administrator,123000
Scheduling clerk,68000
Marine,89000
Occupational analyst,38000
Heavy-duty truck mechanic,71000
Jeweler,82000
Aircraft systems assembler,91000
Receiving clerk,94000
Land acquisition specialist,109000
Photographic equipment repairer,79000
Software quality assurance analyst,93000
Millwright,77000
Job developer,96000
Computer hardware engineer,71000
First mate,73000
Curator,76000
Pump operator,87000
Caregiver,56000
Letterpress setter,63000
Middle school teacher,64000
Safety engineer,112000
Personnel manager,86000
Greenhouse manager,94000
Mobile heavy equipment service technician,85000
Secondary school teacher,101000
Certified respiratory therapist,92000
Power dispatcher,68000
Engineering geologist,88000
Executive recruiter,65000
Library clerk,82000
Production manager,133000
Animal control worker,38000
Violin repairer,123000
Interior decorator,85000
CNC operator,55000
Telephone station repairer,71000
Fork lift operator,69000
Professional athlete,100000
Rail yard engineer,57000
Fish hatchery manager,104000
Printmaker,44000
Computer clerk,78000
Clerical worker supervisor,70000
Long-term care facility nurse,88000
Chiropractic doctor,64000
Environmental engineering technician,87000
Garment presser,90000
Engineering technician,115000
Radio and telecommunications equipment installer,91000
Poet,101000
Orderlie,80000
Electrical drafter,67000
Industrial equipment technician,106000
Cardiopulmonary technologist,51000
Office machine and cash register technician,74000
Industrial relations director,89000
Operations manager,77000
Credit checker,73000
Vocational counselor,67000
Range manager,111000
Hand packer,26000
Osteopathic surgeon,70000
Marshal,77000
Public relations consultant,54000
Transmission technician,111000
Family therapist,53000
Perioperative nurse,71000
Atmospheric scientist,67000
City planner,68000
Mail superintendent,80000
Oral and maxillofacial radiologist,69000
Health education specialist,98000
Audio and video equipment operator,85000
Qualified members of the engine department,82000
Agricultural product grader,49000
Administrative office specialist,53000
Home inspector,80000
Butcher,88000
Welding machine setter,91000
Webmaster,79000
Bridge and lock tender,60000
Tester,85000
Medical scientist,69000
Training coordinator,95000
Department manager,82000
Manager,84000
